{"validation_loss": [0.12443752568931533, 0.11796840423574814, 0.11370946815273222, 0.11441059686386815, 0.1100708031310485, 0.10475868922479165, 0.10776003272398017, 0.09808759744583558, 0.10571339892563768, 0.10347764759297626, 0.11036886781221256, 0.09358448907844902, 0.09532396944436747, 0.10126776663282026, 0.09881049549977224, 0.08223349814159939, 0.08993686894133973, 0.09149771520438102, 0.0918582001915918, 0.08106548602406222, 0.08956629465683363, 0.08446858159732074, 0.0800305534592973, 0.08722691220128372, 0.08912591454841626, 0.08920115817902395, 0.08175541839759368, 0.08812556104609169, 0.0827103830076969, 0.08667534843194656], "validation_accuracy": [5.769230769230769, 13.461538461538462, 14.423076923076923, 8.653846153846153, 20.192307692307693, 24.03846153846154, 21.153846153846153, 24.03846153846154, 27.884615384615383, 24.03846153846154, 19.23076923076923, 25.96153846153846, 25.0, 25.0, 24.03846153846154, 31.73076923076923, 35.57692307692308, 29.807692307692307, 35.57692307692308, 39.42307692307692, 36.53846153846154, 41.34615384615385, 37.5, 40.38461538461539, 32.69230769230769, 38.46153846153846, 36.53846153846154, 35.57692307692308, 40.38461538461539, 34.61538461538461], "training_loss": [0.10965356923185521, 0.10443831310033624, 0.1022914112145116, 0.10045685864766087, 0.09808745022633605, 0.09559113625867295, 0.09334244373088878, 0.09466471667345297, 0.09121993762291075, 0.09054472413106587, 0.08966740817148675, 0.08825471247308539, 0.08702556037008151, 0.08463305327180133, 0.08499904269145764, 0.08851217265794731, 0.08472901907324923, 0.08179845120120215, 0.08224061368743972, 0.08142230872042562, 0.0810747839008885, 0.080366938684422, 0.08213965637027841, 0.07910007715512755, 0.07614472378113062, 0.07937208110799449, 0.07728817875768527, 0.08289360578084042, 0.07555739687774844, 0.08011835818062124], "training_accuracy": [6.109324758842444, 7.07395498392283, 8.57449088960343, 10.503751339764202, 14.683815648445874, 15.32690246516613, 17.256162915326904, 17.577706323687032, 20.15005359056806, 19.828510182207932, 22.186495176848876, 23.043944265809216, 23.794212218649516, 26.04501607717042, 26.79528403001072, 24.008574490889604, 24.866023579849948, 29.15326902465166, 30.332261521972132, 30.439442658092176, 31.939978563772776, 30.439442658092176, 30.332261521972132, 34.51232583065381, 33.97642015005359, 32.79742765273312, 31.832797427652732, 29.79635584137192, 33.547695605573416, 33.654876741693464], "cmap_5_scores": [0.6576307019460917, 0.6861080919057961, 0.6996031739709483, 0.7034235791527582, 0.7364108622139593, 0.7547781865258752, 0.7502880369447328, 0.7544939357062681, 0.7689104351047068, 0.7647407068792538, 0.7403728394676405, 0.7957887413679507, 0.7777621848021797, 0.775681385724697, 0.7820535651924074, 0.820798672684562, 0.8074797602281724, 0.7998916541022839, 0.8064003194553294, 0.8390197158046407, 0.8127309457008255, 0.8238863399758704, 0.8350880966582629, 0.8268291613884514, 0.7993821727480152, 0.8125299373840978, 0.831898816365962, 0.8214627587981644, 0.8203605530730662, 0.8160211965465792]}