{"validation_loss": [0.007763840974523471, 0.007085098096957574, 0.007183015489807496, 0.007227727856773596, 0.0066527280096824355, 0.006848182099369856, 0.006916136982349249, 0.006584713665338663, 0.006107326167134138, 0.006069288374139712, 0.006117888511373446, 0.006113336779750311, 0.006001820501226645, 0.00576659650183641, 0.005647190774862583, 0.005837441350405033, 0.005728266560114347, 0.005348405227638208, 0.005004352889955044, 0.005506664657822022, 0.0051199896261096, 0.005506459766855607, 0.0049696492317777416, 0.005499073375876133, 0.005111196866402259, 0.004835769749031617, 0.004787838444686853, 0.004956553690135479, 0.004856391021838555, 0.005307009443640709], "validation_accuracy": [4.8076923076923075, 5.769230769230769, 7.6923076923076925, 7.6923076923076925, 13.461538461538462, 11.538461538461538, 17.307692307692307, 16.346153846153847, 23.076923076923077, 21.153846153846153, 25.0, 29.807692307692307, 26.923076923076923, 30.76923076923077, 30.76923076923077, 28.846153846153847, 30.76923076923077, 34.61538461538461, 38.46153846153846, 30.76923076923077, 32.69230769230769, 33.65384615384615, 40.38461538461539, 38.46153846153846, 32.69230769230769, 43.26923076923077, 43.26923076923077, 34.61538461538461, 41.34615384615385, 34.61538461538461], "training_loss": [0.007647314159816484, 0.0058727138391261695, 0.005761803154776718, 0.005701405697952385, 0.005597219414138589, 0.005546564234286898, 0.0054938807556483525, 0.005426935827617094, 0.005257554903291046, 0.005195008389180624, 0.005294022197253195, 0.00502572592751134, 0.005013372848910407, 0.004995891439058645, 0.004938495839523733, 0.00489451433556895, 0.0049991679855992685, 0.004889806638704364, 0.004917682095611466, 0.004762062465518489, 0.004683894048358083, 0.004668780597523734, 0.004729819642769179, 0.004783051908974479, 0.004558742613335004, 0.004715827899602704, 0.0045399681564184885, 0.004623571233095208, 0.004561526064001351, 0.0045367585612902175], "training_accuracy": [6.859592711682744, 5.466237942122186, 8.57449088960343, 7.931404072883173, 10.07502679528403, 11.789924973204716, 11.789924973204716, 13.719185423365488, 15.64844587352626, 19.721329046087888, 18.756698821007504, 21.65058949624866, 23.258306538049304, 23.472668810289388, 24.866023579849948, 27.331189710610932, 24.544480171489816, 28.724544480171488, 26.79528403001072, 28.081457663451232, 29.90353697749196, 33.547695605573416, 31.832797427652732, 31.189710610932476, 33.11897106109325, 33.333333333333336, 35.155412647374064, 32.69024651661308, 34.19078242229368, 35.47695605573419], "cmap_5_scores": [0.6633027629503254, 0.6747516296221395, 0.66592992095628, 0.6760044751465432, 0.7118523527229458, 0.710656849175496, 0.7218427038834767, 0.7324005229684032, 0.7684618818211802, 0.7567037953526708, 0.7608357093436495, 0.782522887086868, 0.7807698580330453, 0.7843922448043468, 0.7887933068643344, 0.789982613963412, 0.8081284516219825, 0.8192589640171083, 0.823589027528048, 0.8038213689465659, 0.8164092061449537, 0.7982042996873975, 0.8385589373741908, 0.822998901344045, 0.8256800742048054, 0.8605622043555324, 0.8356002905829014, 0.8181403545115066, 0.8381661091036462, 0.8204320267029511]}