{"validation_loss": [0.1226673940411554, 0.12203904402513917, 0.11898358280842121, 0.11593963881918731, 0.11333012953400612, 0.10974176156406219, 0.11120495149561276, 0.11307088412845936, 0.10264522517144752, 0.10909167828503996, 0.10545743129645976, 0.10911832143588421, 0.09964771400420712, 0.1038315691626989, 0.10120833286334975, 0.11022192816464947, 0.09553644771222025, 0.10293396600844482, 0.10336249385279818, 0.10227886192464772, 0.09984041789609294, 0.09931655944987702, 0.09981661923946096, 0.09216675259029636, 0.09598622849891679, 0.09763921580563945, 0.08925498319485296, 0.09705366391258743, 0.08936547515286992, 0.10456931746851367], "validation_accuracy": [4.8076923076923075, 8.653846153846153, 17.307692307692307, 15.384615384615385, 10.576923076923077, 14.423076923076923, 19.23076923076923, 17.307692307692307, 19.23076923076923, 19.23076923076923, 18.26923076923077, 15.384615384615385, 21.153846153846153, 18.26923076923077, 24.03846153846154, 15.384615384615385, 26.923076923076923, 26.923076923076923, 22.115384615384617, 25.0, 25.0, 25.96153846153846, 19.23076923076923, 27.884615384615383, 24.03846153846154, 30.76923076923077, 26.923076923076923, 26.923076923076923, 25.96153846153846, 26.923076923076923], "training_loss": [0.10800649399980375, 0.10188348739386033, 0.09997288284260042, 0.09804675906355313, 0.09636571923313224, 0.09320850473405641, 0.09278657740215816, 0.09039112580843951, 0.0881445575462144, 0.08495552188658717, 0.08802806790206755, 0.08239690000191595, 0.08479250875770093, 0.08225008954262247, 0.08194841317217945, 0.08005632928645096, 0.07818612221004864, 0.07523443615545108, 0.07849598757660205, 0.07802086525168041, 0.07787736733002999, 0.07276870802663227, 0.07459467525112123, 0.07619452733126265, 0.07120007823828402, 0.07185006362173785, 0.0725253963591403, 0.0703945873919866, 0.07126037376760343, 0.07769362776696667], "training_accuracy": [6.109324758842444, 8.467309753483386, 9.753483386923902, 11.361200428724544, 13.82636655948553, 15.434083601286174, 20.364415862808144, 22.829581993569132, 22.615219721329048, 25.830653804930332, 24.222936763129688, 28.724544480171488, 26.90246516613076, 29.474812433011788, 32.90460878885316, 34.19078242229368, 34.29796355841372, 36.334405144694536, 36.22722400857449, 34.61950696677385, 39.335476956055736, 38.47802786709539, 40.51446945337621, 37.08467309753483, 40.836012861736336, 39.12111468381565, 41.90782422293676, 40.08574490889603, 40.943193997856376, 38.69239013933548], "cmap_5_scores": [0.6621660573831221, 0.6755251633842531, 0.7022275622055691, 0.7083138756780406, 0.7160972515925192, 0.7255742260529615, 0.7255301214361008, 0.7302449063345022, 0.765246638790275, 0.7469169288362602, 0.742776214101372, 0.7424883638461429, 0.771346463870253, 0.7559711564247388, 0.7712174983330313, 0.7531617984768725, 0.7758054583096015, 0.7778808531789734, 0.7683542410363026, 0.7767754340018729, 0.7677809674717635, 0.7826617000155797, 0.7764625314697193, 0.7973788378904164, 0.7804642865710525, 0.7996800094709294, 0.8102281665961195, 0.7801414884816057, 0.7945841949733295, 0.7913098501064328]}