{"validation_loss": [0.00787700626712579, 0.007201013513482534, 0.007191796858723347, 0.00677550841982548, 0.006652472970577387, 0.006648863594119365, 0.006487432007606213, 0.0066288626537873195, 0.006678597715038519, 0.006266120104835584, 0.006407738878176763, 0.006286774117213029, 0.006208072058283365, 0.006115089242274945, 0.006297915170972164, 0.0061988291832116935, 0.006084167756713354, 0.005703528769887411, 0.005657035284317457, 0.005761493283968706, 0.00552938892864264, 0.005720743766197791, 0.0055824422205869965, 0.005751377831284816, 0.005510416454993761, 0.005610415282157751, 0.005615321776041618, 0.0056486595422029495, 0.005486516640163385, 0.005612558756883328], "validation_accuracy": [3.8461538461538463, 6.730769230769231, 11.538461538461538, 11.538461538461538, 10.576923076923077, 14.423076923076923, 17.307692307692307, 13.461538461538462, 15.384615384615385, 16.346153846153847, 16.346153846153847, 14.423076923076923, 24.03846153846154, 16.346153846153847, 20.192307692307693, 22.115384615384617, 25.0, 27.884615384615383, 27.884615384615383, 25.96153846153846, 26.923076923076923, 25.96153846153846, 24.03846153846154, 20.192307692307693, 26.923076923076923, 30.76923076923077, 25.96153846153846, 27.884615384615383, 27.884615384615383, 25.0], "training_loss": [0.007500583160217424, 0.005835769149012632, 0.005721762520835075, 0.005607310215376581, 0.005487029032436342, 0.005435898580607366, 0.005394932094238706, 0.0052917210778494995, 0.0052856757262639805, 0.005056027606496985, 0.004935977766879246, 0.0049850030823152544, 0.0048395556748105015, 0.004904345412601868, 0.004913760982014614, 0.004656221889286818, 0.0046172668360820535, 0.004580420959992424, 0.004721685006240301, 0.004735350640768151, 0.004555140333479752, 0.004517400084265048, 0.004650372784237387, 0.004437525875443176, 0.0043916608519365035, 0.004310852701257663, 0.004304458194543056, 0.004354821563980843, 0.004413817257551518, 0.004473650642338289], "training_accuracy": [5.144694533762058, 5.894962486602358, 8.038585209003216, 9.003215434083602, 12.32583065380493, 13.719185423365488, 16.505894962486604, 19.935691318327976, 19.506966773847804, 23.258306538049304, 24.758842443729904, 23.90139335476956, 27.974276527331188, 26.79528403001072, 26.688102893890676, 31.40407288317256, 31.939978563772776, 33.22615219721329, 32.90460878885316, 32.154340836012864, 35.79849946409432, 35.90568060021436, 33.654876741693464, 37.72775991425509, 38.69239013933548, 40.40728831725616, 39.335476956055736, 39.01393354769561, 39.335476956055736, 37.62057877813505], "cmap_5_scores": [0.6531681574180612, 0.650244487451292, 0.6827574660171821, 0.7015989363778203, 0.7016713994397844, 0.716293884510154, 0.7364923202518645, 0.7270997103070519, 0.734167074321261, 0.7506480661430928, 0.7353424815947693, 0.7446837874923189, 0.7748091544021268, 0.7531296319371316, 0.7452234398233917, 0.7650221822931423, 0.7662440283427017, 0.7815339173843345, 0.7973748883056944, 0.7983826381698182, 0.8021245485615449, 0.7862769375578447, 0.785769092025948, 0.7740216527444129, 0.7924485198107604, 0.7919164448451937, 0.7778543653820313, 0.7953160285630758, 0.7969842568960495, 0.785341616830041]}