{"validation_loss": [0.12384379973921639, 0.12541286781645164, 0.11714179015073639, 0.11755425260903743, 0.11604525324387047, 0.11833747918717563, 0.10909938303610453, 0.10493344912090553, 0.10665634215379563, 0.10645795491738962, 0.10433458431026128, 0.09684129188267085, 0.09896576779115443, 0.09225192638293195, 0.10407705073367442, 0.10421149947517104, 0.0938239451811219, 0.09337405226492243, 0.08697918510118213, 0.08456987641357745, 0.09011086917374857, 0.08334478221905346, 0.08935401888056031, 0.09404779264094451, 0.0848711462548146, 0.0887730739867458, 0.0887148525149454, 0.08521298054704228, 0.09189449086485323, 0.08977888157600179], "validation_accuracy": [3.8461538461538463, 5.769230769230769, 8.653846153846153, 10.576923076923077, 13.461538461538462, 17.307692307692307, 11.538461538461538, 25.0, 19.23076923076923, 15.384615384615385, 21.153846153846153, 26.923076923076923, 25.96153846153846, 26.923076923076923, 26.923076923076923, 25.96153846153846, 32.69230769230769, 29.807692307692307, 30.76923076923077, 39.42307692307692, 35.57692307692308, 31.73076923076923, 34.61538461538461, 33.65384615384615, 29.807692307692307, 31.73076923076923, 31.73076923076923, 31.73076923076923, 29.807692307692307, 31.73076923076923], "training_loss": [0.10998976501332666, 0.1046439431308858, 0.10278391109361232, 0.10047478851421186, 0.09996638204945436, 0.0980401580464654, 0.09498839187371909, 0.09347346697384576, 0.09404013282723246, 0.0880157447417476, 0.08960931310706206, 0.0885848805191869, 0.08810036191283012, 0.08693919218896633, 0.08245090954773338, 0.08481553052923545, 0.08411685335628039, 0.08417671711808264, 0.08481277849746176, 0.0815568066559243, 0.08082343240703964, 0.08197118299123511, 0.08167563431873924, 0.08110417058002542, 0.08100387399699222, 0.08029176207022239, 0.07773020001745648, 0.07954093855896675, 0.07790256890706947, 0.07736530664230637], "training_accuracy": [4.930332261521972, 6.966773847802787, 8.467309753483386, 10.610932475884244, 9.431939978563772, 11.682743837084674, 14.683815648445874, 18.327974276527332, 16.827438370846732, 21.864951768488744, 20.90032154340836, 22.508038585209004, 21.972132904608788, 24.222936763129688, 27.867095391211148, 27.331189710610932, 27.759914255091104, 26.79528403001072, 27.974276527331188, 30.010718113612004, 32.154340836012864, 30.65380493033226, 30.332261521972132, 31.189710610932476, 31.082529474812432, 33.440514469453376, 32.58306538049303, 31.082529474812432, 34.833869239013936, 35.262593783494104], "cmap_5_scores": [0.6492485190514822, 0.6651503896728979, 0.6970568962476432, 0.6973226508824552, 0.7081867821092406, 0.7214713393210757, 0.7331273080744475, 0.752590830512217, 0.736682136145651, 0.7468394776833116, 0.7637314247699991, 0.7803874974769086, 0.766697478713342, 0.7857444373174178, 0.7553086284219327, 0.7674215306003986, 0.8074302289011601, 0.7974081231903657, 0.8020318216991339, 0.835497691727741, 0.8014755609228068, 0.8093944421941026, 0.8232049457068351, 0.8091839388254372, 0.8120785749920743, 0.8090116187239548, 0.8156656080858113, 0.8146529627854124, 0.7920507475920173, 0.8061596089279439]}