{"validation_loss": [0.12587611520519623, 0.12107780425307843, 0.11992363368447584, 0.11234829637508553, 0.10951926548463795, 0.1127179331289461, 0.11353001045063138, 0.10328154326774754, 0.10706953169854107, 0.10256960692976673, 0.10347324984076504, 0.0966451216999513, 0.10214736745155488, 0.09537471357571821, 0.10733210852441306, 0.09352458353476742, 0.09896688622897133, 0.10123671319944641, 0.0955929802708292, 0.08870589861628385, 0.1028075420539468, 0.09750155963523027, 0.10067299796187748, 0.09915884977537924, 0.09775854026352485, 0.10090585454599932, 0.09705572822041666, 0.1003491514756416, 0.09919991996363163, 0.0909560341141724], "validation_accuracy": [7.6923076923076925, 5.769230769230769, 7.6923076923076925, 15.384615384615385, 19.23076923076923, 14.423076923076923, 13.461538461538462, 24.03846153846154, 21.153846153846153, 20.192307692307693, 19.23076923076923, 22.115384615384617, 22.115384615384617, 25.0, 23.076923076923077, 25.96153846153846, 25.0, 30.76923076923077, 24.03846153846154, 33.65384615384615, 24.03846153846154, 22.115384615384617, 27.884615384615383, 26.923076923076923, 34.61538461538461, 26.923076923076923, 25.96153846153846, 30.76923076923077, 33.65384615384615, 30.76923076923077], "training_loss": [0.10836629393329397, 0.10282091248098163, 0.09944895397116629, 0.09615220310852961, 0.09681900003835571, 0.09262851684402505, 0.09028763208399411, 0.08971605447358576, 0.08435966129211643, 0.08652980796511596, 0.08531739330839956, 0.08289520275144216, 0.08321666614861986, 0.08362628005659802, 0.07838957348837963, 0.07840565917760892, 0.07745917851071936, 0.07616892481716482, 0.07678492947028547, 0.0766224144521272, 0.07326654924220764, 0.07701097737024505, 0.07469465445028273, 0.07427687460948719, 0.07333588653938475, 0.06958285956306554, 0.07585128191548543, 0.06672679789244162, 0.07233501142192869, 0.07511646693987287], "training_accuracy": [6.752411575562701, 8.360128617363344, 12.004287245444802, 13.504823151125402, 15.755627009646302, 19.39978563772776, 20.257234726688104, 20.471596998928188, 29.260450160771704, 26.15219721329046, 27.759914255091104, 28.40300107181136, 30.54662379421222, 29.90353697749196, 34.29796355841372, 35.47695605573419, 35.69131832797428, 38.37084673097535, 34.61950696677385, 36.87031082529475, 39.549839228295816, 36.97749196141479, 39.97856377277599, 39.87138263665595, 38.69239013933548, 41.69346195069668, 39.549839228295816, 43.944265809217576, 43.30117899249732, 40.30010718113612], "cmap_5_scores": [0.6405607884978992, 0.6841508824410909, 0.689752761047114, 0.7196091708649867, 0.7397985086007256, 0.7377844183295249, 0.7190808103076499, 0.7533171715489315, 0.747954514449816, 0.749922308240978, 0.7660490309336303, 0.7716359236392194, 0.7648548535392269, 0.7705369791558094, 0.7601499963001517, 0.7856391796488948, 0.7941751386549101, 0.7903788219826855, 0.7997234335051726, 0.8011493469453402, 0.7737602189685145, 0.784778855606679, 0.7944200728086125, 0.793653189548875, 0.791165729594179, 0.7865640066701638, 0.7810637120563854, 0.7919320289488375, 0.8083667191298056, 0.7892503283240339]}