{"validation_loss": [0.12404805801522273, 0.11999598962183182, 0.11391923741365854, 0.11944720123966153, 0.1235038460805439, 0.11370858398731798, 0.11516079208768833, 0.10701471658495183, 0.10835111544180948, 0.10007016804033461, 0.1080505287167258, 0.11955886923869212, 0.09445500708758257, 0.10187111851673063, 0.09224781790712419, 0.09437261457983717, 0.09590427473617288, 0.0927144603617937, 0.09884639227619538, 0.09022482557338662, 0.08834757590263437, 0.0905239992269064, 0.08975675219195321, 0.09012949662372613, 0.09553062902369465, 0.08661158322222316, 0.09660176309094262, 0.1032454156352637, 0.09160730593766157, 0.07986228594717641], "validation_accuracy": [6.730769230769231, 7.6923076923076925, 15.384615384615385, 8.653846153846153, 7.6923076923076925, 22.115384615384617, 19.23076923076923, 21.153846153846153, 16.346153846153847, 25.0, 24.03846153846154, 15.384615384615385, 29.807692307692307, 25.96153846153846, 24.03846153846154, 26.923076923076923, 33.65384615384615, 28.846153846153847, 29.807692307692307, 36.53846153846154, 33.65384615384615, 33.65384615384615, 30.76923076923077, 39.42307692307692, 34.61538461538461, 29.807692307692307, 35.57692307692308, 30.76923076923077, 29.807692307692307, 40.38461538461539], "training_loss": [0.10991009322726722, 0.1044956499081506, 0.10168414959836584, 0.10066361247030495, 0.09947814720047844, 0.09478726466571907, 0.09284557635727853, 0.09056340247314855, 0.08974195442092327, 0.09231156447921245, 0.08822684372067453, 0.08420825695481333, 0.0851775004872722, 0.08275567359302397, 0.08460162883185006, 0.0847152907578841, 0.0806895827460406, 0.08117241624759743, 0.08128740843224266, 0.0797147419628369, 0.08044125565833225, 0.07856012573109988, 0.0769296832773565, 0.08392301410653442, 0.07924061627759342, 0.07946902421282556, 0.07592094781297459, 0.07864156549138955, 0.07461803751103031, 0.07701293738138668], "training_accuracy": [4.287245444801715, 6.002143622722401, 9.217577706323688, 10.932475884244372, 11.361200428724544, 17.363344051446944, 18.435155412647376, 18.435155412647376, 21.114683815648444, 22.079314040728832, 24.222936763129688, 27.65273311897106, 28.617363344051448, 29.581993569131832, 26.366559485530548, 29.474812433011788, 31.511254019292604, 32.047159699892816, 33.333333333333336, 33.22615219721329, 34.19078242229368, 34.941050375133976, 35.155412647374064, 31.511254019292604, 32.90460878885316, 33.97642015005359, 36.97749196141479, 37.62057877813505, 38.69239013933548, 36.22722400857449], "cmap_5_scores": [0.6765966109934667, 0.70289649355003, 0.7224738149781412, 0.6904232881858983, 0.686308108785077, 0.7552613118801443, 0.7530892532572948, 0.761273932846376, 0.7497896024280574, 0.7725724785898985, 0.7567097723746461, 0.7358224339368736, 0.792710117065156, 0.7854872994960675, 0.7970378393579574, 0.7992764618096716, 0.8084029329727277, 0.7958058599100858, 0.7775887062622592, 0.8197873806200846, 0.8178252216585657, 0.800660729854617, 0.8112344076123991, 0.8261247798190484, 0.8003938510751563, 0.8141792672120276, 0.8037594411790923, 0.7931745682832786, 0.8395917444936818, 0.8285941110592748]}