{"validation_loss": [0.12536188669932577, 0.11878534241651113, 0.12132846227345559, 0.11887912366252679, 0.11022702312598434, 0.11338390417110461, 0.11217980660820523, 0.10933015338825779, 0.10264546807425526, 0.1061065280630898, 0.10261413174255442, 0.10853620165009768, 0.096817357207888, 0.09417502571774933, 0.0986903050719635, 0.09439439953740265, 0.09674220894073816, 0.0879300775167604, 0.0986590247552018, 0.0949580326344823, 0.09977850754960225, 0.09595398116820994, 0.08674773312388705, 0.07820683636572749, 0.09157651306192677, 0.08749154951790562, 0.08873107282964227, 0.08811885231541684, 0.08791913451792564, 0.08864418803960479], "validation_accuracy": [5.769230769230769, 8.653846153846153, 9.615384615384615, 7.6923076923076925, 16.346153846153847, 17.307692307692307, 25.96153846153846, 17.307692307692307, 20.192307692307693, 22.115384615384617, 27.884615384615383, 25.0, 27.884615384615383, 30.76923076923077, 31.73076923076923, 34.61538461538461, 35.57692307692308, 39.42307692307692, 35.57692307692308, 33.65384615384615, 32.69230769230769, 35.57692307692308, 33.65384615384615, 43.26923076923077, 33.65384615384615, 39.42307692307692, 34.61538461538461, 43.26923076923077, 35.57692307692308, 34.61538461538461], "training_loss": [0.11024603494255018, 0.1055268654480812, 0.10272512527821477, 0.09848828792653243, 0.0954839065785659, 0.09426650226520576, 0.09135916447660948, 0.09057573432226616, 0.08744957047529821, 0.08756006013043287, 0.08719247272031222, 0.08559354404458762, 0.08516046255029695, 0.08410891747116232, 0.08504985403826129, 0.08416855788548928, 0.08241998742408627, 0.0778901214548444, 0.07908621839744262, 0.0807491841004709, 0.07893301825823706, 0.07905745420326922, 0.0753171357831415, 0.07366332238098985, 0.07202457580361331, 0.07886461866454056, 0.08213495196083669, 0.07491678920587941, 0.07481958464163574, 0.07592870591382456], "training_accuracy": [3.7513397642015005, 7.609860664523044, 9.967845659163988, 12.218649517684888, 16.505894962486604, 17.256162915326904, 21.007502679528404, 20.471596998928188, 25.830653804930332, 27.224008574490888, 25.830653804930332, 24.866023579849948, 29.581993569131832, 29.689174705251876, 30.010718113612004, 30.117899249732048, 31.082529474812432, 33.440514469453376, 34.941050375133976, 32.58306538049303, 34.29796355841372, 32.261521972132904, 38.049303322615216, 38.049303322615216, 40.40728831725616, 36.22722400857449, 33.97642015005359, 36.87031082529475, 37.51339764201501, 35.262593783494104], "cmap_5_scores": [0.6800834059314217, 0.6899087434384861, 0.7183773351844329, 0.7224425977589023, 0.735880888408324, 0.7313429786338723, 0.7560078565216561, 0.7418671410188956, 0.7662547541421095, 0.7647404683198666, 0.7778809899324424, 0.797525669078264, 0.8018911493622928, 0.7931665072433068, 0.8012942161323744, 0.8019310420290046, 0.8148386301328044, 0.8222425887449475, 0.8095307988529059, 0.8063052884805068, 0.7907020407666223, 0.8265321522133219, 0.8185020172199492, 0.830996600744075, 0.8037338383813897, 0.8164286757477703, 0.8201583527078156, 0.8438263502468796, 0.828329150987072, 0.8180176011895485]}