{"validation_loss": [0.008103737321037512, 0.007217329711868213, 0.007011071707193668, 0.006966680718156008, 0.006997884179537113, 0.0069642608555463646, 0.006787970805397401, 0.006110828083295088, 0.006366180542569894, 0.006305203844721501, 0.006364843879754727, 0.006417635255135023, 0.005198484716507105, 0.006067182295597517, 0.005875910990513288, 0.005813248885365633, 0.005836845447237675, 0.005663863454873745, 0.005623005473842988, 0.005353399480764682, 0.005449717434552999, 0.0053196973525560815, 0.005114836618304253, 0.004949822806968139, 0.005461494653270795, 0.005628288078766603, 0.0058330061773841195, 0.005515863402531697, 0.005274435935112147, 0.0052404346374365], "validation_accuracy": [2.8846153846153846, 7.6923076923076925, 11.538461538461538, 9.615384615384615, 11.538461538461538, 14.423076923076923, 17.307692307692307, 22.115384615384617, 21.153846153846153, 20.192307692307693, 22.115384615384617, 19.23076923076923, 30.76923076923077, 22.115384615384617, 25.96153846153846, 29.807692307692307, 31.73076923076923, 24.03846153846154, 25.96153846153846, 32.69230769230769, 36.53846153846154, 37.5, 33.65384615384615, 43.26923076923077, 32.69230769230769, 27.884615384615383, 32.69230769230769, 36.53846153846154, 30.76923076923077, 38.46153846153846], "training_loss": [0.0077483732281262725, 0.00586279257253563, 0.0057623562865190825, 0.005647274155453214, 0.005526692793172527, 0.005417494927827441, 0.005246666402806551, 0.005232882509277565, 0.005181929018719786, 0.005023549303875603, 0.0050781473501446675, 0.005041123235085131, 0.004952644220566315, 0.004919345435733325, 0.004788070174467142, 0.0047836085464026765, 0.004580528230784663, 0.004766856007765088, 0.004749658758106211, 0.0046441443703693335, 0.004644240085973872, 0.004597166902510427, 0.004616964836020945, 0.0045915811471361565, 0.004457905417406035, 0.004469895397990718, 0.004482615806984876, 0.004455044769780812, 0.004334498384502284, 0.004541265220248559], "training_accuracy": [3.6441586280814575, 6.430868167202572, 9.539121114683816, 11.897106109324758, 13.504823151125402, 16.613076098606644, 18.971061093247588, 21.543408360128616, 22.829581993569132, 23.794212218649516, 24.008574490889604, 25.187566988210076, 26.259378349410504, 27.116827438370848, 28.29581993569132, 29.90353697749196, 33.01178992497321, 32.154340836012864, 32.368703108252944, 34.08360128617363, 34.72668810289389, 35.69131832797428, 37.08467309753483, 34.72668810289389, 37.08467309753483, 37.834941050375136, 38.79957127545552, 37.72775991425509, 41.90782422293676, 34.19078242229368], "cmap_5_scores": [0.6799354058703554, 0.6657672426146458, 0.7047886775503087, 0.6898020219097998, 0.7019840344984043, 0.7097429103008754, 0.7271848649947679, 0.7401542226429204, 0.7531712490514911, 0.7675525674298405, 0.7662405221107389, 0.7739621461300978, 0.8106133764360287, 0.7841246448242587, 0.7948869487979883, 0.8134371193237971, 0.8037328727423761, 0.7881768115478667, 0.8087246986162882, 0.821366390345376, 0.8099090309875021, 0.8158935436286429, 0.8273263172511693, 0.825739217148658, 0.8099658696111511, 0.7890012776543217, 0.8103971332801427, 0.8106116093493818, 0.8078139066550368, 0.8232618200924733]}