{"validation_loss": [0.00870478038604443, 0.007554939159980187, 0.006925925612449646, 0.006916599778028635, 0.007160742982075765, 0.006702119627824197, 0.006747922215324182, 0.00653658936230036, 0.006879299449232908, 0.006641599707878553, 0.006037984186640153, 0.00710159267943639, 0.006111196887034636, 0.005643459466787485, 0.006005038149081743, 0.006066680097809205, 0.005962492754826179, 0.0059876833111047745, 0.005770541011140897, 0.005525349854276731, 0.005789542857270975, 0.00570297112258581, 0.005697859164613944, 0.005927470584328358, 0.005395062697621493, 0.00567214979002109, 0.005623286446699729, 0.006014004349708557, 0.005072909765518629, 0.005962145299865649], "validation_accuracy": [2.8846153846153846, 1.9230769230769231, 3.8461538461538463, 14.423076923076923, 7.6923076923076925, 15.384615384615385, 14.423076923076923, 17.307692307692307, 14.423076923076923, 17.307692307692307, 25.0, 15.384615384615385, 25.0, 27.884615384615383, 21.153846153846153, 25.0, 30.76923076923077, 30.76923076923077, 31.73076923076923, 30.76923076923077, 35.57692307692308, 28.846153846153847, 25.96153846153846, 25.0, 33.65384615384615, 32.69230769230769, 24.03846153846154, 25.0, 38.46153846153846, 25.96153846153846], "training_loss": [0.007531756676917163, 0.00581244911922647, 0.00568703032574853, 0.005615638990238676, 0.0053695066565486015, 0.005226651540012094, 0.005066692461793702, 0.005008493636965369, 0.00485322396854879, 0.004869754530992539, 0.004795534833706715, 0.0047940467139915635, 0.004748832725890835, 0.0047320912233758455, 0.004577041782303, 0.004422403552588414, 0.004484089384891596, 0.0043964291676192166, 0.0042308361088859055, 0.004228870153810434, 0.004201930874733041, 0.004311415399769112, 0.0041720318225674565, 0.004076297555641857, 0.004342410980952387, 0.004193113148531858, 0.004184511808592663, 0.004190364722781371, 0.004039162081154213, 0.004158059684090548], "training_accuracy": [3.9657020364415865, 7.07395498392283, 8.038585209003216, 12.111468381564844, 17.470525187566988, 20.364415862808144, 24.544480171489816, 26.688102893890676, 29.581993569131832, 28.617363344051448, 30.225080385852092, 30.975348338692392, 33.762057877813504, 33.11897106109325, 36.441586280814576, 40.30010718113612, 41.37191854233655, 40.08574490889603, 44.265809217577704, 43.944265809217576, 45.230439442658096, 41.80064308681672, 45.01607717041801, 46.730975348338696, 41.050375133976424, 46.19506966773848, 45.659163987138264, 44.37299035369775, 49.839228295819936, 45.444801714898176], "cmap_5_scores": [0.6658176799131507, 0.6734079855284446, 0.6832130369382493, 0.7108683261967466, 0.7142735273171809, 0.7413732820954767, 0.7256951982156461, 0.7722676738519102, 0.7393323605487694, 0.745573982695051, 0.7743096416705015, 0.750959946336292, 0.7765681630180319, 0.7989701140392949, 0.7604322441195644, 0.7993320247827681, 0.7898477804365579, 0.7925700670703165, 0.8103742465712992, 0.8186101012983186, 0.801947954598353, 0.8181148162922821, 0.7874222586229184, 0.7888374032624603, 0.8130072868359179, 0.8078789844790693, 0.7895777439002665, 0.800919092345376, 0.8268711486963751, 0.7875678309641905]}