{"validation_loss": [0.008321124917039504, 0.007404510218363542, 0.006945450145464677, 0.007063232075709563, 0.006787259561511187, 0.00693657320852463, 0.006683849944518163, 0.006399110389443545, 0.006235006050421641, 0.006316885781975893, 0.006783902215269895, 0.006218249837939556, 0.0059324707835912704, 0.006194834525768573, 0.006099241427504099, 0.005956703510421973, 0.00571646813589793, 0.006286520224351149, 0.0058668311685323715, 0.005906475134767019, 0.006344792648003652, 0.005496780602977826, 0.00605917636018533, 0.005588241064777741, 0.005104290321469307, 0.005856378003954887, 0.005357815669133113, 0.0055749604048637245, 0.005707005468698649, 0.005862393058263338], "validation_accuracy": [5.769230769230769, 7.6923076923076925, 14.423076923076923, 9.615384615384615, 15.384615384615385, 18.26923076923077, 15.384615384615385, 18.26923076923077, 17.307692307692307, 20.192307692307693, 19.23076923076923, 18.26923076923077, 25.0, 26.923076923076923, 29.807692307692307, 28.846153846153847, 31.73076923076923, 25.0, 28.846153846153847, 33.65384615384615, 18.26923076923077, 31.73076923076923, 25.96153846153846, 27.884615384615383, 39.42307692307692, 25.0, 38.46153846153846, 28.846153846153847, 31.73076923076923, 28.846153846153847], "training_loss": [0.007673142982960258, 0.005823125681437608, 0.005699884949006452, 0.005547523626305027, 0.0054514340233828345, 0.00530634269453705, 0.005114169893157444, 0.005123132151039467, 0.00500476170263362, 0.0048489342069319204, 0.004748218472236478, 0.004693719543444766, 0.004748221107490065, 0.004638750756924047, 0.004406733695908758, 0.004645421086847463, 0.004357588763916735, 0.0044795252135201155, 0.004302276731623459, 0.004432137237037238, 0.004545212766237453, 0.004278154889998073, 0.0044265226855283125, 0.004357963544890556, 0.004163863598533765, 0.004184907887206839, 0.004076312800184579, 0.0041357204397902735, 0.0042052338297088555, 0.004244163792105222], "training_accuracy": [4.823151125401929, 7.609860664523044, 9.860664523043944, 12.433011789924974, 14.89817792068596, 18.113612004287244, 21.972132904608788, 27.009646302250804, 26.04501607717042, 29.90353697749196, 31.725616291532692, 34.08360128617363, 33.547695605573416, 34.08360128617363, 40.40728831725616, 36.548767416934616, 42.97963558413719, 37.72775991425509, 42.87245444801715, 40.72883172561629, 38.263665594855304, 46.40943193997856, 41.90782422293676, 41.37191854233655, 45.444801714898176, 45.12325830653805, 47.80278670953912, 45.337620578778136, 43.944265809217576, 46.40943193997856], "cmap_5_scores": [0.6456539295990502, 0.7056804217716194, 0.7013986633635545, 0.7231992620430703, 0.7402610346580493, 0.7311970018922768, 0.732884258581651, 0.7501815390717259, 0.757908582194714, 0.7419907096836553, 0.7634143578772123, 0.7715349689684347, 0.8030689374834075, 0.7764083194696855, 0.773229326170579, 0.8102993642935706, 0.7987968068727599, 0.7989014182698062, 0.7964571495661587, 0.7936792461618707, 0.7806952502722402, 0.7878755120889909, 0.7877984727423837, 0.8089123153680253, 0.8326127473702408, 0.8054431255110844, 0.8303421390530588, 0.7971482539752606, 0.8033892708331506, 0.7867075538228551]}