{"validation_loss": [0.008072158751579432, 0.007185224873515276, 0.007016662508249283, 0.0067110034422232555, 0.0069726609553282075, 0.006569071887777402, 0.0063620655295940545, 0.00667226343200757, 0.006673534042560137, 0.006590472247738104, 0.00635213777422905, 0.006508249359635206, 0.006385506345675542, 0.006271188935408225, 0.0061724294836704545, 0.006283834719887147, 0.006043326826049731, 0.005938604617348084, 0.005821303679392888, 0.005824143926684673, 0.006203843137392631, 0.006150981268057456, 0.006005500944761129, 0.005846425890922546, 0.006025677260297995, 0.005840327304143172, 0.005672254814551427, 0.005913250578137545, 0.005816024513198779, 0.005826405034615443], "validation_accuracy": [4.8076923076923075, 4.8076923076923075, 8.653846153846153, 14.423076923076923, 12.5, 13.461538461538462, 19.23076923076923, 12.5, 14.423076923076923, 11.538461538461538, 16.346153846153847, 13.461538461538462, 16.346153846153847, 20.192307692307693, 18.26923076923077, 11.538461538461538, 21.153846153846153, 20.192307692307693, 22.115384615384617, 23.076923076923077, 24.03846153846154, 19.23076923076923, 18.26923076923077, 20.192307692307693, 24.03846153846154, 22.115384615384617, 29.807692307692307, 25.96153846153846, 25.96153846153846, 20.192307692307693], "training_loss": [0.0076220912693142255, 0.0057836078658364595, 0.005664258732161977, 0.005672098659498004, 0.005486786365509033, 0.005406869920759211, 0.0052887953234894355, 0.005304153421684094, 0.005123137469460343, 0.005089949900314356, 0.005004439514932908, 0.004942913450867672, 0.004922788131019821, 0.0049549613511319585, 0.004739737451587587, 0.004813616250872229, 0.0047964630019626435, 0.00453245315584978, 0.004642767546197354, 0.004485750592853734, 0.004514076574311251, 0.004547523188884874, 0.004394748331010661, 0.004369682525579058, 0.004275318430806535, 0.0042305745879170215, 0.00433970119760223, 0.004294354632289207, 0.004247547497639446, 0.004192921493725505], "training_accuracy": [5.466237942122186, 6.752411575562701, 7.82422293676313, 8.467309753483386, 12.754555198285102, 13.07609860664523, 18.327974276527332, 17.363344051446944, 21.543408360128616, 21.329046087888532, 26.04501607717042, 27.438370846730976, 27.867095391211148, 28.40300107181136, 29.689174705251876, 30.439442658092176, 30.868167202572348, 35.369774919614144, 34.08360128617363, 37.19185423365488, 37.51339764201501, 34.941050375133976, 40.19292604501608, 38.37084673097535, 42.550911039657024, 41.80064308681672, 39.335476956055736, 40.19292604501608, 39.97856377277599, 41.80064308681672], "cmap_5_scores": [0.650127672371746, 0.6568692202478691, 0.6689233775734761, 0.7016678784146645, 0.7105649407853827, 0.7273180700631857, 0.7309702920795861, 0.7322240981026943, 0.7263798387739232, 0.7219167526647933, 0.735226766141355, 0.7336061305017489, 0.7564059109384534, 0.7670596694516288, 0.7514632419688954, 0.7560884808349678, 0.7744570572159329, 0.7701217617927287, 0.7768078720390494, 0.784481575318963, 0.7643070001646629, 0.7645906868791851, 0.7644737223410503, 0.774061730405887, 0.7709326287163007, 0.7882720664819469, 0.7952556768102697, 0.7806795592498262, 0.796019877791525, 0.7797665203692823]}