{"validation_loss": [0.1260229556892927, 0.12511452136991116, 0.11774285334663895, 0.11827755013767344, 0.11733953085002632, 0.12347501193961272, 0.11811700115840022, 0.11126872031197238, 0.09544642779152267, 0.10605091850112121, 0.10279874039742236, 0.1001677724864119, 0.10048557341976377, 0.09794184904044065, 0.10291886095253105, 0.10064766191555044, 0.09290051151541635, 0.09483788176238214, 0.10920264820854825, 0.0983785166105148, 0.09913435697315155, 0.10287586365652365, 0.09552979317735523, 0.09920220554214701, 0.10092782642179653, 0.09251307595807773, 0.10042016550407705, 0.1033984061393242, 0.09984959737238779, 0.09150505632323284], "validation_accuracy": [4.8076923076923075, 3.8461538461538463, 13.461538461538462, 15.384615384615385, 23.076923076923077, 15.384615384615385, 11.538461538461538, 20.192307692307693, 26.923076923076923, 20.192307692307693, 35.57692307692308, 28.846153846153847, 23.076923076923077, 18.26923076923077, 29.807692307692307, 24.03846153846154, 28.846153846153847, 30.76923076923077, 25.0, 33.65384615384615, 26.923076923076923, 27.884615384615383, 27.884615384615383, 34.61538461538461, 27.884615384615383, 36.53846153846154, 34.61538461538461, 27.884615384615383, 25.96153846153846, 36.53846153846154], "training_loss": [0.10982173258873393, 0.10188775044060369, 0.09826710569341951, 0.09528277185337602, 0.0913160883380776, 0.08509304128115006, 0.08801095993223522, 0.08129994557288699, 0.08555491311350301, 0.07600606336101658, 0.07497643750688046, 0.0775800389257011, 0.0780440075615142, 0.07433248796756821, 0.0689681513761034, 0.07403377243558312, 0.06985003368459167, 0.0684000838479682, 0.07228743359142532, 0.06686085659934721, 0.07062084528667785, 0.06888058226369595, 0.06674275214779582, 0.06751089813079586, 0.0684169425982363, 0.06999454250248303, 0.0678269847600086, 0.06770378986405699, 0.06726313379184506, 0.06160967300154029], "training_accuracy": [4.608788853161844, 9.539121114683816, 13.39764201500536, 18.006430868167204, 21.329046087888532, 27.974276527331188, 23.365487674169348, 32.368703108252944, 27.116827438370848, 36.334405144694536, 38.263665594855304, 37.19185423365488, 35.369774919614144, 38.90675241157556, 45.01607717041801, 40.72883172561629, 44.051446945337624, 46.30225080385852, 41.264737406216504, 45.766345123258304, 45.659163987138264, 45.12325830653805, 48.231511254019296, 45.337620578778136, 46.945337620578776, 45.12325830653805, 45.551982851018224, 46.08788853161843, 48.338692390139336, 52.41157556270097], "cmap_5_scores": [0.6718175454696432, 0.6757590976335757, 0.7317340144246652, 0.7333409562869574, 0.7443356708957332, 0.7101554885342684, 0.7216766684255153, 0.7570181880619212, 0.7865202615256663, 0.7838257259008934, 0.7953570193005821, 0.8010895009684817, 0.8006008027114351, 0.7688422318267126, 0.7873927000991635, 0.7828527949978032, 0.8233951678983453, 0.8173804171290642, 0.7910267378502553, 0.8047882658647387, 0.8121469853210557, 0.7939528513911606, 0.7895398472918863, 0.8151130651116268, 0.7863173940494701, 0.8225612436022901, 0.8115516326205673, 0.8084052497360382, 0.8023622157995309, 0.8262864877573091]}