{"validation_loss": [0.1282452241732524, 0.12494961118612152, 0.1235449725153068, 0.11423889894145899, 0.11347473574390349, 0.11759595105496164, 0.11170626640355644, 0.11186483611639303, 0.10964444770070259, 0.11590040858237234, 0.10547025070991367, 0.1085898594599432, 0.09820247046613637, 0.10094530758662866, 0.11208574996719388, 0.10078527334553655, 0.10098500580240327, 0.10598172221776062, 0.1045985048784552, 0.10048981728547145, 0.10565283678275031, 0.10611772986102061, 0.09242840137784906, 0.09167871528748386, 0.09225476902737192, 0.09446912543507306, 0.09440226447007333, 0.09881264361543939, 0.11318641581797587, 0.10499620072313029], "validation_accuracy": [2.8846153846153846, 3.8461538461538463, 6.730769230769231, 8.653846153846153, 21.153846153846153, 16.346153846153847, 13.461538461538462, 17.307692307692307, 22.115384615384617, 20.192307692307693, 23.076923076923077, 25.96153846153846, 25.96153846153846, 27.884615384615383, 25.96153846153846, 28.846153846153847, 27.884615384615383, 26.923076923076923, 27.884615384615383, 29.807692307692307, 25.0, 28.846153846153847, 32.69230769230769, 30.76923076923077, 34.61538461538461, 28.846153846153847, 37.5, 33.65384615384615, 29.807692307692307, 33.65384615384615], "training_loss": [0.10674239531171202, 0.10308054748442153, 0.09724126705223854, 0.09220072123543008, 0.08681547198584086, 0.08734206494869354, 0.08746637112251353, 0.08512697280126111, 0.07957153685989142, 0.07712544715704345, 0.08007056149120162, 0.07613873630601836, 0.0763158808495985, 0.07426769151441215, 0.07679914516209578, 0.06948545803225073, 0.06967286463685736, 0.0704725823851723, 0.07175705449066669, 0.0730414238320538, 0.06757019207655077, 0.07030534454514899, 0.06972463525976706, 0.06520792966099102, 0.06987919906411261, 0.06803900903746074, 0.06965127019565756, 0.06694581435793102, 0.06634268272820766, 0.06756444453465844], "training_accuracy": [4.930332261521972, 7.82422293676313, 13.504823151125402, 20.685959271168276, 25.616291532690248, 24.115755627009648, 27.116827438370848, 30.225080385852092, 31.725616291532692, 34.941050375133976, 32.69024651661308, 38.049303322615216, 39.12111468381565, 40.30010718113612, 38.47802786709539, 43.30117899249732, 42.97963558413719, 42.87245444801715, 45.230439442658096, 42.87245444801715, 44.90889603429796, 42.336548767416936, 47.69560557341908, 47.90996784565916, 44.80171489817792, 45.766345123258304, 45.230439442658096, 46.19506966773848, 45.766345123258304, 48.12433011789925], "cmap_5_scores": [0.6621649161505608, 0.6925984928868774, 0.7022656319838703, 0.7415313866441463, 0.7410356010196602, 0.7339897451875044, 0.7570775999562468, 0.7493014271327861, 0.7737919353960766, 0.7743640678355871, 0.7755136081867733, 0.7781152421761439, 0.7915399620178961, 0.7921126522671328, 0.7743080224441843, 0.7952811037831637, 0.7920542644668945, 0.7941114631962853, 0.7898212164066123, 0.8095417437482234, 0.7949963064249812, 0.8033473730546378, 0.8389481576065471, 0.7855200611366803, 0.8068235714221861, 0.8071863068650067, 0.8230460965145622, 0.8082120041625924, 0.790160021119979, 0.8064100399574363]}