{"validation_loss": [0.0076841749250888824, 0.007223940096222437, 0.007325421302364423, 0.00703900708602025, 0.00705650606407569, 0.0067709306111702556, 0.006591930269048764, 0.00654356711759017, 0.0067528930421058946, 0.006042911312901056, 0.0061695637324681646, 0.005966710213285226, 0.006364581390069081, 0.005999415253217404, 0.005713004618883133, 0.005961268996963134, 0.0059606985977062816, 0.005877383339863557, 0.005566668195220141, 0.0056267525427616556, 0.005424634338571475, 0.005012562785011072, 0.005273834157448549, 0.005233863225350013, 0.005517443355459433, 0.005080699777373901, 0.005173511086748197, 0.005027554212854459, 0.005247423711877603, 0.005276310902375441], "validation_accuracy": [6.730769230769231, 9.615384615384615, 5.769230769230769, 10.576923076923077, 11.538461538461538, 13.461538461538462, 12.5, 19.23076923076923, 17.307692307692307, 27.884615384615383, 23.076923076923077, 25.0, 24.03846153846154, 31.73076923076923, 27.884615384615383, 24.03846153846154, 32.69230769230769, 24.03846153846154, 31.73076923076923, 30.76923076923077, 33.65384615384615, 37.5, 40.38461538461539, 31.73076923076923, 30.76923076923077, 37.5, 38.46153846153846, 47.11538461538461, 34.61538461538461, 39.42307692307692], "training_loss": [0.007925216104567754, 0.005867612850627715, 0.005807342045687914, 0.005685665951153346, 0.005517840433350713, 0.0054956375434595415, 0.005450283232098096, 0.005233073141924949, 0.005143803032264832, 0.0050768888328875245, 0.0050456445476505405, 0.0050021779243330225, 0.004989005345751363, 0.004832769433657329, 0.005038260215731679, 0.004805798196140976, 0.004799512134104296, 0.0047707488363067695, 0.004518906107733359, 0.0046104319944642366, 0.004550851426323894, 0.004616449963369298, 0.004601108658927046, 0.0044520994027455645, 0.004570994290572143, 0.004529790527567603, 0.004548367715789063, 0.004565142494369805, 0.004443023597376395, 0.004545859457467785], "training_accuracy": [4.180064308681672, 7.717041800643087, 7.181136120042872, 10.07502679528403, 13.933547695605574, 13.290460878885316, 15.112540192926046, 21.436227224008576, 23.258306538049304, 24.222936763129688, 23.365487674169348, 25.40192926045016, 26.15219721329046, 28.29581993569132, 26.259378349410504, 29.04608788853162, 30.54662379421222, 30.117899249732048, 34.19078242229368, 34.08360128617363, 35.262593783494104, 36.22722400857449, 35.155412647374064, 38.79957127545552, 35.90568060021436, 37.29903536977492, 36.12004287245445, 37.834941050375136, 38.156484458735264, 35.58413719185423], "cmap_5_scores": [0.6600593836383534, 0.6845860561772019, 0.6911831051805709, 0.7247440955070066, 0.7158291369727695, 0.7432904185173538, 0.7322909925079503, 0.7478661888320148, 0.7366314643535672, 0.8130134304625736, 0.7623444627769339, 0.7768227462651963, 0.7796977698696729, 0.8043212858318344, 0.8036924416346817, 0.7720320484571402, 0.8057418047439019, 0.7964436917699822, 0.7955542856446916, 0.8103571186697544, 0.8333589811698565, 0.840071347425764, 0.8338398839382296, 0.8226571113372279, 0.8226223566844841, 0.8413695579728937, 0.8451609321680936, 0.8375303131448248, 0.8233490060822646, 0.838415708476332]}