{"validation_loss": [0.007927367320427528, 0.007333994628145144, 0.007295951247215271, 0.006722340503564248, 0.006897534172122295, 0.0066089140107998484, 0.0066652991450749915, 0.006447782310155721, 0.006377944722771645, 0.006273183111961071, 0.006075964667476141, 0.0060568044965083785, 0.0057586988864036705, 0.005802768067671702, 0.005889782538780799, 0.006006906525446818, 0.00571797530238445, 0.005820274639588136, 0.005552265506524306, 0.005168830044567585, 0.005048538128343912, 0.005334612125387559, 0.005278777760955004, 0.005566760611075621, 0.005153377970250754, 0.004677341247980411, 0.005040133371949196, 0.004890604302860224, 0.005232268084700291, 0.005050047658956968], "validation_accuracy": [1.9230769230769231, 3.8461538461538463, 11.538461538461538, 14.423076923076923, 8.653846153846153, 18.26923076923077, 19.23076923076923, 13.461538461538462, 21.153846153846153, 17.307692307692307, 25.0, 24.03846153846154, 28.846153846153847, 22.115384615384617, 31.73076923076923, 28.846153846153847, 29.807692307692307, 30.76923076923077, 36.53846153846154, 38.46153846153846, 39.42307692307692, 35.57692307692308, 39.42307692307692, 34.61538461538461, 34.61538461538461, 41.34615384615385, 34.61538461538461, 36.53846153846154, 34.61538461538461, 39.42307692307692], "training_loss": [0.00781480196587909, 0.005872952529216247, 0.005696660117321076, 0.005637947833295293, 0.005634869521709373, 0.005541145482119512, 0.0054326195744967285, 0.0054369240136775175, 0.0053135557828864356, 0.005187578076079472, 0.005220271319566177, 0.004970037780646214, 0.005156580610290601, 0.005058480324852505, 0.005030605091542677, 0.005066430709241927, 0.004891445894205557, 0.0049233117079939236, 0.004842163633559167, 0.004613945538144148, 0.004769961382606789, 0.004811665652138116, 0.004720207850777196, 0.004764393027891811, 0.004616838631330962, 0.004489174593810995, 0.004597285137554713, 0.004613898031709023, 0.004646538258684921, 0.0045085873570600635], "training_accuracy": [3.9657020364415865, 7.717041800643087, 6.752411575562701, 11.039657020364416, 9.32475884244373, 10.503751339764202, 12.540192926045016, 15.862808145766346, 17.89924973204716, 19.721329046087888, 18.756698821007504, 23.90139335476956, 20.257234726688104, 21.329046087888532, 23.90139335476956, 23.90139335476956, 26.259378349410504, 27.224008574490888, 29.689174705251876, 33.654876741693464, 29.474812433011788, 31.939978563772776, 30.332261521972132, 32.58306538049303, 34.941050375133976, 37.834941050375136, 33.22615219721329, 33.869239013933544, 33.654876741693464, 36.334405144694536], "cmap_5_scores": [0.6492381760880314, 0.6537575797545745, 0.6817587265746302, 0.6997293528615564, 0.6831552683859105, 0.7251655133164878, 0.7285916835559557, 0.7280752403210691, 0.7448915619084007, 0.749737993965759, 0.7663409103723678, 0.7878091880479893, 0.8215879613312809, 0.7870793916499543, 0.7897512562687419, 0.794609177703911, 0.7838155868609832, 0.7869913011370351, 0.8103722411432192, 0.8311993484256941, 0.8417731667166787, 0.809189615343254, 0.8323774122523055, 0.8136642899588165, 0.8220521599873052, 0.8566946866487057, 0.8260799064877834, 0.8226948644216588, 0.8168194635431089, 0.8321641022627175]}